title;rating
Coronavírus: por que todos os casos no Brasil foram registrados em São Paulo?;verdadeiro
Dalai Lama é vacinado contra covid-19 e incentiva imunização: 'muito útil';verdadeiro
Não tem comprovação, diz chefe da Anvisa sobre tratamento precoce da covid;verdadeiro
Nos braços da mãe, bebê de três meses deixa hospital no Recife curado da Covid-19;verdadeiro
Roberto Jefferson diz que está com covid-19 e tomando hidroxicloroquina;verdadeiro
Criança de um ano diagnosticada com Covid-19 deixa hospital no Piauí e será tratada em casa;verdadeiro
App do Ministério da Saúde recomenda remédios sem eficácia contra covid-19;verdadeiro
Doria cobra governo federal por mais vacinas: 'Cadê o senso de urgência?';verdadeiro
Países começam a retirar seus cidadãos da China por causa de coronavírus;verdadeiro
Variante do coronavírus é encontrada em pessoas no Japão que estiveram no Brasil;verdadeiro
Pesquisadores alemães preparam show para testar poder de infecção do coronavírus em grandes eventos;verdadeiro
Alemanha confirma 1º caso de coronavírus em Starnberg;verdadeiro
SP registra queda em internações por covid-19 há oito semanas;verdadeiro
Santa Casa de Ribeirão Preto, SP, comemora 100ª alta de paciente curado da Covid-19;verdadeiro
Adolescente de SP testa positivo para coronavírus, mas Ministério da Saúde não classifica como caso confirmado;verdadeiro
Wuhan fecha hospital temporário e comemora queda de novos casos de Covid-19 no epicentro do surto;verdadeiro
Como está a vacinação contra a covid-19 pelo mundo;verdadeiro
Suspensão de restrições não permite embarque de todos os brasileiros para os EUA;verdadeiro
China encontra coronavírus pela primeira vez em alimentos congelados locais;verdadeiro
Uso da máscara provoca batalhas políticas e legais nos EUA;verdadeiro
Regulador dos EUA autoriza uso da Pfizer em adolescentes acima de 12 anos;verdadeiro
Governo de SP anuncia esquema de prevenção contra o coronavírus;verdadeiro
Hidroxicloroquina não diminuiu mortes entre pacientes com Covid-19, aponta novo estudo americano;verdadeiro
Novo coronavírus pode ter vindo de cobras vendidas no mercado de Wuhan, aponta estudo chinês;verdadeiro
Eduardo Bolsonaro critica STF por CPI da Covid e fala em 'esculhambação';verdadeiro
Índia supera um milhão de casos confirmados de coronavírus;verdadeiro
Israel decreta fechamento de lojas nos fins de semana e mais restrições após aumento nos casos de coronavírus;verdadeiro
Até 87% dos casos de Covid-19 em Wuhan eram leves ou sem sintomas e não chegaram a ser detectados, diz estudo;verdadeiro
Após ultrapassar a China, Brasil está entre os 10 países com mais casos confirmados de novo coronavírus;verdadeiro
Para conter covid, Paraíba terá toque de recolher e fechará acesso a praias;verdadeiro
Espanha sacrificará quase 100 mil visons por causa do coronavírus;verdadeiro
Anvisa facilita o registro para vacinas contra coronavírus;verdadeiro
Israel anuncia novo confinamento nacional por conta do coronavírus;verdadeiro
Hidroxicloroquina não é eficaz no tratamento de casos leves da Covid-19, aponta estudo;verdadeiro
Células T sustentam imunidade contra variantes do coronavírus, diz estudo;verdadeiro
Hospital das Clínicas investiga casos de reinfecção por coronavírus;verdadeiro
Pesquisas por remédios contra covid-19 avançam entre esperança e frustração;verdadeiro
Maranhão descarta um dos casos suspeitos de coronavírus em São Luís;verdadeiro
Estudo francês que recomendava hidroxicloroquina para tratamento de Covid-19 é retirado do ar;verdadeiro
Países da União Europeia iniciarão a vacinação no mesmo dia;verdadeiro
Casados há 70 anos, idosos vacinados se reúnem após meses afastados;verdadeiro
Gaza inicia campanha de vacinação contra a covid-19;verdadeiro
Tratamento precoce com hidroxicloroquina não evitou mortes em Porto Feliz;verdadeiro
Além do medo, Itália enfrenta uso político do coronavírus;verdadeiro
Revisão de estudo não garante eficácia da hidroxicloroquina contra covid-19;verdadeiro
Medicamento antiviral melhora tempo de recuperação de pacientes com Covid-19, diz estudo;verdadeiro
Procon fará levantamento de preços de máscaras e álcool gel em farmácias de São Paulo;verdadeiro
Como é feito o tratamento do coronavírus?;verdadeiro
Saúde de Goiás descarta três casos suspeitos de coronavírus em Goiânia;verdadeiro
EUA oferece ajuda ao Irã para combater epidemia de coronavírus;verdadeiro
Brasil manifesta interesse em entrar para grupo que negociará com produtores da futura vacina contra Covid-19, diz OMS;verdadeiro
Rússia anuncia testes clínicos de vacinas contra o coronavírus em seres humanos;verdadeiro
Bem Estar #47: por que a ivermectina não é a pílula mágica contra a Covid-19;verdadeiro
Médicos se dizem no escuro sobre CoronaVac e criticam plano sem aprovação;verdadeiro
O novo coronavírus tem cura?;verdadeiro
Saúde: Vacina da AstraZeneca pode proteger contra variantes do coronavírus;verdadeiro
Prefeitura de BH assina acordo com SP para comprar CoronaVac;verdadeiro
Brasil tem 132 casos suspeitos de coronavírus;verdadeiro
O que é o coronavírus?;verdadeiro
Existe vacina contra o coronavírus?;verdadeiro
Como se prevenir do coronavírus?;verdadeiro
RN entra em estado de alerta após detectar variantes do coronavírus;verdadeiro
A busca da USP por uma vacina nacional contra a covid-19;verdadeiro
Governos da UE e BCE precisam fazer mais para superar crise, diz Lagarde;verdadeiro
Paciente com coronavírus recebe alta após 44 dias internado no Hospital Mestre Vitalino, em Caruaru;verdadeiro
Reino Unido anuncia vacinação de pessoas entre 40 e 49 anos contra a Covid-19 a partir de abril;verdadeiro
Governadores pedem reunião com embaixador da China para garantir vacinas;verdadeiro
Primeiro lote de vacina só dá para 0,5% dos idosos no Brasil;verdadeiro
Por que covid-19 causa dores no corpo?;verdadeiro
Estudo tenta criar vacina única contra vários coronavírus nos EUA;verdadeiro
'Natal deste ano vai ser melhor', diz chefe do combate ao coronavírus de SP;verdadeiro
Covid-19 ameaça santuário de macacos resgatados em Camarões;verdadeiro
Moderna anuncia que vacina contra variante do coronavírus da África do Sul está pronta para testes em humanos;verdadeiro
Covid: em meio a aumento de internações, cidades do ABC pedem mais leitos;verdadeiro
O uso da cloroquina em pacientes com Covid-19;verdadeiro
Vinhedo monitora família que teve contato com paciente com coronavírus em SP;verdadeiro
Rússia registra a terceira vacina contra o novo coronavírus;verdadeiro
MG tem quase 2 mil pessoas à espera de leitos, diz governador;verdadeiro
OMS diz que precisa de mais do que comunicados à imprensa para avaliar candidatas a vacina;verdadeiro
MPRJ questiona critérios usados por Niterói para permitir afrouxamento de medidas restritivas;verdadeiro
Brasil tem 23 milhões de vacinados com 1ª dose, 10,9% da população;verdadeiro
Sirius faz primeiras imagens do coronavírus e reforça ciência no combate à doença;verdadeiro
Ministério divulga protocolo que libera no SUS uso de cloroquina até em casos leves de Covid-19;verdadeiro
Drone mostra fila enorme por máscaras na Coreia do Sul;verdadeiro
Cidade do México reduz restrições devido ao declínio dos casos de covid;verdadeiro
EUA registram mais de 63 mil novos casos de coronavírus em 24 horas;verdadeiro
Prefeito que sobreviveu ao coronavírus perde pai, mãe e irmão em 20 dias;verdadeiro
Covid-19: Americana registra mais oito moradores infectados e total aumenta para 49;verdadeiro
Netinho, baterista da banda 'Os Incríveis', tem alta de hospital de SP após se curar da Covid-19;verdadeiro
Coronavírus: Sumaré registra novo caso confirmado e total aumenta para 35;verdadeiro
RS: Três pacientes nebulizados com hidroxicloroquina morrem, hospital apura;verdadeiro
Ministério da Saúde abre edital para comprar hidroxicloroquina;verdadeiro
Obesidade é um grande fator de risco para o novo coronavírus;verdadeiro
Risco da Covid-19 para gestantes ainda não é claro;verdadeiro
Trump diz que cogita banir viagens do Brasil aos EUA por causa de coronavírus;verdadeiro
Novos casos de Covid-19 no mundo caem 16% na segunda semana de fevereiro, aponta OMS;verdadeiro
O efeito do novo coronavírus coronavírus nos pulmões;verdadeiro
Novartis diz que medicamento em estudo não é eficaz contra covid-19;verdadeiro
Por que ter planos regionais de vacinação é uma má ideia para o Brasil;verdadeiro
Curado da Covid-19, idoso de 93 anos deixa hospital sob aplausos na Serra, no ES;verdadeiro
Agência reguladora europeia começa a avaliar vacina Sputnik V contra covid;verdadeiro
Presidente interina da Bolívia está com Covid-19;verdadeiro
Regulador europeu começa a avaliar vacina russa Sputnik V contra covid-19;verdadeiro
‘Quando entrei no hospital, achei que tinha acabado’, diz motorista curado da Covid-19 no AP;verdadeiro
Associações médicas publicam documento contra o uso de remédio para malária no tratamento de Covid-19;verdadeiro
Paciente internada com Covid-19 é surpreendida com pedido de casamento na saída do hospital, VÍDEO;verdadeiro
OMS diz estar perto de acordo com Pfizer para garantir vacina a países mais pobres;verdadeiro
Prefeito de Araraquara cita perigo de nova cepa e pede pressa na vacinação;verdadeiro
É preciso cobrar do governo federal postura sobre outras vacinas, diz Doria;verdadeiro
Mais de 760 cidades têm fila de pessoas com covid-19 à espera de UTIs;verdadeiro
A polêmica sobre o tratamento precoce para a Covid-19, criticado por entidades médicas;verdadeiro
Quem está com Covid pode se vacinar?;verdadeiro
Joe Biden pede manutenção de medidas sanitárias contra a pandemia;verdadeiro
'Sair da China por causa de epidemia seria desistir de um sonho': o brasileiro que decidiu ficar em Wuhan apesar de surto de coronavírus;verdadeiro
Aviões da FAB levarão vacinas contra o coronavírus para 11 capitais;verdadeiro
Cientistas questionam resultados do estudo sobre vacina russa na Lancet;verdadeiro
Plano de vacinação deve ficar pronto em 10 dias, diz diretor de imunização;verdadeiro
Coronavírus: obesidade e diabetes causaram dois terços das internações;verdadeiro
Demora da vacina é maior erro político de Bolsonaro, diz Maia;verdadeiro
Brasileira que vive em Shenzhen mostra como coronavírus altera rotina na cidade chinesa;verdadeiro
Mulher de Eduardo Bolsonaro diz que errou ao criticar movimento antivacina;verdadeiro
Brasil terá Natal com menos importados em mais de uma década;verdadeiro
Após bronca de Leifert sobre pandemia, Sarah muda e pede 'fiquem em casa';verdadeiro
Trump diz que primeiras doses de vacina serão dadas em menos de 24 horas;verdadeiro
Vacina da Pfizer conseguiu neutralizar três variantes do coronavírus em laboratório, aponta estudo;verdadeiro
Pacientes internados com Covid se casam em hospital na Espanha;verdadeiro
Na CPI, Queiroga infla índice de vacinados com duas doses no Brasil;verdadeiro
Fiocruz faz primeira necropsia minimamente invasiva de paciente de covid-19;verdadeiro
Coronavírus: o que é a vitamina K e o que as pesquisas dizem de seu efeito contra Covid-19;verdadeiro
Estudo: dose única de vacina reduziu internação de idosos por covid em 70%;verdadeiro
Covid-19: 'Em meio à desconfiança, precisamos ser transparentes e honestos sobre as vacinas', diz especialista em imunização dos Estados Unidos;verdadeiro
O fim da obsessão de Trump pela cloroquina;verdadeiro
Governador de Alagoas testa positivo para novo coronavírus;verdadeiro
Hospital da Lapa deixa infectados com covid por horas com idosos e crianças;verdadeiro
Com 4,2 milhões, Índia ultrapassa o Brasil em casos de coronavírus;verdadeiro
Um terço dos pacientes com câncer internados com Covid-19 morreram, diz estudo do Inca;verdadeiro
Anvisa aprova uso emergencial das vacinas CoronaVac e AstraZeneca no Brasil;verdadeiro
Praias continuam lotadas no Rio no segundo dia do fim de semana prolongado;verdadeiro
Reino Unido tem salto em casos de Covid-19 e governo se diz preocupado;verdadeiro
'Uma não é suficiente': México busca sua própria vacina contra coronavírus;verdadeiro
Brasil registra 619 óbitos por Covid-19 em 24 horas e passa de 121 mil;verdadeiro
Ônibus só vão aceitar passageiros que estiverem usando máscara durante quarentena;verdadeiro
Governos precisam ter mensagem coerente no combate à pandemia, diz OMS;verdadeiro
EUA sugerem que governo chinês sabia sobre os casos de coronavírus no país 1 mês antes do anúncio oficial;verdadeiro
"Covas quer ""prova"" no começo do ano para avaliar alunos pós-quarentena";verdadeiro
Trump tentará adiar eleição presidencial, diz Biden;verdadeiro
Bolsonaro admite que recuperação econômica não será rápida;verdadeiro
Casos de coronavírus no Rio Grande do Sul em 31 de março;verdadeiro
Coronavírus: como Londres conseguiu zerar as mortes por Covid-19;verdadeiro
Coronavírus: Índia passa a barreira de 4 milhões de casos;verdadeiro
Hidroxicloroquina não é eficiente em pacientes leves a moderados, mostra estudo chinês;verdadeiro
Premiê da Grécia pede que ministros e deputados cedam metade de seus salários para combater a pandemia;verdadeiro
Jundiaí confirma 11ª morte por coronavírus;verdadeiro
EUA aprovam uso de tratamento da Regeneron contra covid-19;verdadeiro
Pela terceira vez, Bolsonaro participa de aglomeração em SC;verdadeiro
Bolsonaro critica foco em vacinas e diz que pandemia é usada politicamente;verdadeiro
Doria faz apelo contra aglomerações no feriado prolongado em SP;verdadeiro
Trump anuncia liberação de uso de plasma em tratamento contra Covid-19 nos EUA;verdadeiro
Covid: Entidades médicas pedem suspensão do uso da cloroquina e ivermectina;verdadeiro
Monja Coen: 'Não adianta querer que as coisas sejam como antes, a Terra não volta para trás';verdadeiro
Teich diz que governo deveria se planejar sobre vacinas: 'falar é pouco';verdadeiro
EUA vão contribuir para vacinação de palestinos contra Covid-19;verdadeiro
Missão médica chinesa chega à Venezuela para combater coronavírus;verdadeiro
Coronavírus: quais são as maiores causas de morte no Brasil e no mundo e como se comparam com a Covid-19;verdadeiro
Médico do AM reage a Bolsonaro: 'todos os pacientes receberam tratamento precoce';verdadeiro
Curada da Covid-19, idosa de 90 anos é aplaudida ao deixar hospital do interior de SP;verdadeiro
Espanha registra quase 9 mil novos casos de infecção pelo novo coronavírus;verdadeiro
Itália registra maior número de novas infecções por Covid-19 desde maio;verdadeiro
'Não há preocupação com vacina', diz brasileira imunizada em Londres;verdadeiro
Reino Unido desaconselha vacina da AstraZeneca para menores de 30 anos;verdadeiro
Coronavírus pode se manifestar primeiro no sistema digestivo em crianças, alerta artigo;verdadeiro
OMS prevê entrega de vacinas contra covid-19 aos países mais pobres neste trimestre;verdadeiro
Brasil registra 1.131 novos óbitos e tem 15 estados com alta na média;verdadeiro
Fevereiro se torna 2º mês mais letal em toda a pandemia no Brasil;verdadeiro
Casos de coronavírus no Rio Grande do Sul em 30 de março;verdadeiro
Presidente eleito dos EUA, Joe Biden, anuncia amplo plano de vacinação;verdadeiro
Vacina contra o coronavírus será obrigatória na Austrália;verdadeiro
Três idosos de asilo de Dom Pedrito recebem alta de hospital após se recuperar da Covid-19;verdadeiro
Deputada estadual Cida Ramos recebe alta médica após tratamento contra Covid-19;verdadeiro
Covid-19: Santa Catarina tem apenas cinco leitos de UTI adulto disponíveis;verdadeiro
Maior fabricante de vacinas anticovid do mundo precisa de ajuda financeira do governo indiano;verdadeiro
'Aqui é ciência', diz Mandetta após pergunta sobre tratamento precoce;verdadeiro
Sem novas doses, Rio interrompe temporariamente vacinação contra a covid-19;verdadeiro
Brasil registra 2.331 mortes e 72 mil novos casos de Covid nas últimas 24 horas;verdadeiro
Bem Estar #35: como será o tratamento para a Covid-19?;verdadeiro
Brasil tem mais de 108 mil mortes pelo novo coronavírus, 775 registradas nas últimas 24 horas;verdadeiro
Paciente é condenada por atacar médico que recusou receitar cloroquina;verdadeiro
Número de mortes diárias por covid-19 no Reino Unido cai para 17, o menor em seis meses;verdadeiro
Covid: Estudo belga não prova eficácia da cloroquina no tratamento precoce;verdadeiro
EUA aplicam 100 milhões de doses de vacina e batem meta de Biden com 6 semanas de antecedência;verdadeiro
Jovem de 26 anos que morreu com coronavírus em SP corria maratonas e pais estão com sintomas;verdadeiro
Universidade britânica diz ter criado spray nasal contra o coronavírus;verdadeiro
Doria: Manaus é resultado da política caótica da saúde pública do governo Bolsonaro;verdadeiro
Vacina: Em tom alinhado ao governo, Zema diz que vacinação deve ser federal;verdadeiro
Alagoas confirma novos casos de coronavírus, nº total chega a 17;verdadeiro
Cuba se destaca como o bom aluno na gestão da pandemia e revive o turismo;verdadeiro
Primeiro lote da CoronaVac chega ao Brasil;verdadeiro
Reino Unido chega a 15 milhões de vacinados, em meio a pressão para afrouxar lockdown;verdadeiro
Niterói anuncia testagem em massa contra o coronavírus;verdadeiro
Agência europeia desaconselha ivermectina contra a covid-19;verdadeiro
Coronavírus: os 4 pilares para manter a imunidade em dia;verdadeiro
Alagoas confirma 210 casos e 19 óbitos pelo novo coronavírus;verdadeiro
Sobe para 22 o número de casos do novo coronavírus no Maranhão;verdadeiro
Parlamentares e entidades criticam decretos de arma assinados por Bolsonaro;verdadeiro
Como a Alemanha avança para conter o novo coronavírus e salvar vidas;verdadeiro
Goiás tem 56 casos confirmados e uma morte por coronavírus;verdadeiro
Estudos mostram que cloroquina não tem eficácia no tratamento do coronavírus, entenda as pesquisas;verdadeiro
Presidente da Turquia é vacinado contra covid-19 com CoronaVac;verdadeiro
Governo do Paraná e Rússia vão assinar acordo para fabricação de vacina contra coronavírus;verdadeiro
Uip alerta para aumento de casos: 'população está cansada, o vírus não';verdadeiro
Putin anuncia que Rússia é o 1º país a registrar vacina contra o novo coronavírus, não foram publicados estudos sobre testes;verdadeiro
Indígenas se mobilizam contra notícias falsas sobre covid-19;verdadeiro
Estátuas em Areia, na PB, recebem máscaras de proteção em alusão ao combate ao coronavírus;verdadeiro
Após 7 dias internado com Covid-19, menino de 10 anos recebe alta do hospital em Florianópolis;verdadeiro
Conheça alguns mortos pelo novo coronavírus no RJ;verdadeiro
Contra Covid, governadores defendem pacto entre os três poderes e aceleração da vacinação;verdadeiro
Como os estudos sobre o HIV aceleraram a descoberta da vacina contra a Covid-19;verdadeiro
Nível de alerta para a covid-19 é reduzido na Cidade do México;verdadeiro
Isolamento social contra o coronavírus está dando resultados em São Paulo, diz secretário da Saúde;verdadeiro
Testes apontam que vacina da Pfizer é capaz de neutralizar novas variantes do coronavírus;verdadeiro
Bolsonaro coloca militares na Anvisa para controlar política de vacinas contra coronavírus;verdadeiro
Mãe e filha têm alta de hospital em Teresina depois de tratamento contra Covid-19;verdadeiro
Estudo na Islândia indica eficácia de isolamento, distanciamento social e testagem em massa para conter covid-19;verdadeiro
Doria diz que governo negocia para garantir oxigênio em São Paulo;verdadeiro
MP investiga médico que indicou hidroxicloroquina inalável, paciente morreu;verdadeiro
Chega à Índia ajuda emergencial dos EUA para combate ao coronavírus;verdadeiro
Felipe Naveca, o cientista que desvendou o corona enquanto perdia o pai;verdadeiro
Indiano cria ambulância puxada por moto para socorrer pessoas com covid-19;verdadeiro
Com atraso para buscar vacinas na Índia, imunização deve começar dia 21;verdadeiro
Reino Unido vai oferecer ajuda a trabalhadores autônomos atingidos por pandemia;verdadeiro
Câmara dos EUA aprova pacote de US$ 2,2 tri para aliviar impactos do coronavírus na economia;verdadeiro
Piraju confirma três casos de coronavírus;verdadeiro
Marco do início da vacinação contra covid pelo governo federal deve ocorrer dia 19, diz fonte;verdadeiro
Brasil terá imunidade coletiva ao vacinar 99%, diz microbiologista;verdadeiro
O presidente pediu, o UOL apontou;verdadeiro
Eficácia da ivermectina contra covid-19 não foi provada cientificamente;verdadeiro
Empresa italiana prepara vacina contra variante brasileira do coronavírus;verdadeiro
Queiroga diz que estados receberão novas doses da AstraZeneca em até 48 h;verdadeiro
Parte da Espanha avança na flexibilização do confinamento por causa do coronavírus;verdadeiro
Bolsonaro compartilha vídeo de prefeito que incentiva tratamento precoce;verdadeiro
Conselho de secretários defende que Ministério adquira todas vacinas contra covid;verdadeiro
Ao falar sobre ação contra tratamento precoce, Bolsonaro reclama de politização;verdadeiro
Santa Catarina inicia hoje toque de recolher para conter alta de covid-19;verdadeiro
Turquia começa a aplicar CoronaVac em profissionais de saúde;verdadeiro
Senado argentino cria imposto sobre grandes fortunas para combater pandemia;verdadeiro
Aumenta para 14 o número de casos registrados do novo coronavírus no MA;verdadeiro
Rússia anuncia vacinação em massa contra o coronavírus para outubro;verdadeiro
Coronavírus: Variantes são 'ameaça real' contra avanços produzidos por vacinas, diz governo dos EUA;verdadeiro
Prefeitura muda classificação e contabiliza 4,4 mil casos 'prováveis' de coronavírus no Rio;verdadeiro
Máscaras, cloroquina, correção: o que idas e vindas na pandemia ensinam sobre a ciência;verdadeiro
Morcegos têm outros coronavírus que podem infectar humanos, alerta chinesa;verdadeiro
Vacinas evitam 80% das internações de idosos mesmo após só uma dose, diz agência do Reino Unido;verdadeiro
Hospital para pacientes com Covid-19 pega fogo na Rússia;verdadeiro
Anvisa promete liberar vacina da Pfizer em menos de 2 meses;verdadeiro
Coronavírus: mundo chega a 11 mil mortes diárias pela primeira vez desde o início da pandemia;verdadeiro
Veja os 5 bairros de SP com maior e menor adesão ao isolamento social por causa da pandemia de coronavírus;verdadeiro
Prefeita eleita de Santo Antônio das Missões (RS) morre por covid-19;verdadeiro
Estado de SP começa a vacinar idosos de 63 anos contra a covid-19;verdadeiro
Brasil registra 1.283 novos óbitos e tem 11 estados com alta na média;verdadeiro
Brasil registra 732 mortes por Covid-19 nas últimas 24 horas e chega a 141.441 vítimas;verdadeiro
Paraná proíbe eventos com mais de 10 pessoas para conter avanço da covid-19;verdadeiro
Descubra em qual momento se deve usar a máscara;verdadeiro
MP apura se asilos de SP estão isolando infectados por coronavírus após mortes de 2 idosos pela doença;verdadeiro
Lindoia registra 1º caso confirmado do novo coronavírus;verdadeiro
Coronavírus: quantos casos e mortes por covid-19 há em sua cidade?;verdadeiro
Sorocaba (SP) autoriza prescrição de tratamento ineficaz contra a covid-19;verdadeiro
Coronavírus: Campinas confirma mais 64 casos e chega a 561 pacientes diagnosticados;verdadeiro
Vacina da Moderna gera ao menos três meses de imunidade, segundo estudo;verdadeiro
Governo facilita importação de medicamentos e seringas usados no combate ao novo coronavírus;verdadeiro
Mais de R$ 2 bilhões em emendas para o combate ao coronavírus estão parados há mais de um mês;verdadeiro
Crivella anuncia que uso de máscaras será obrigatório e defende isolamento social;verdadeiro
Rio Preto confirma a quinta morte por coronavírus;verdadeiro
Protocolo italiano contra covid-19 não tem relação com 'tratamento precoce';verdadeiro
'As crianças estão menos doentes do que antes': as doenças infecciosas comuns que 'sumiram' com a pandemia;verdadeiro
Estudo com hidroxicloroquina não constata melhora de pacientes hospitalizados com Covid-19;verdadeiro
Seis idosos curados da Covid-19 recebem alta em um único dia da Santa Casa de Serrana, SP;verdadeiro
Família Bolsonaro se une para atacar isolamento e Eduardo critica Doria;verdadeiro
Ivermectina: de tratamento para gado ao Nobel, a história do remédio sem eficácia comprovada contra Covid-19;verdadeiro
Jundiaí confirma 20ª morte por coronavírus;verdadeiro
Bolsonaro critica Paes por fechamento de praias: 'Hipocrisia';verdadeiro
"Potencial de vacinas contra covid-19 é ""fenomenal"", diz diretor da OMS";verdadeiro
Indonésia começa vacinação contra a covid-19 com uso da CoronaVac;verdadeiro
Senado negocia novos recursos para Pronampe;verdadeiro
Brasil registra 826 mortes em 24 horas, média móvel é de 769 na última semana;verdadeiro
Senado aprova projeto que permite restringir exportação de itens de combate ao coronavírus;verdadeiro
Prefeito de Duque de Caxias recebe oxigênio no hospital em tratamento contra o novo coronavírus;verdadeiro
Polo de Confecções de PE cria loja virtual e vende máscaras pela internet para enfrentar pandemia;verdadeiro
Bolsonaro critica CPI da Covid e diz que pretende ser último a tomar vacina;verdadeiro
Para economistas, governo tem de focar nas vacinas;verdadeiro
Mais da metade de pacientes internados com sintomas de coronavírus em SP ainda aguarda confirmação de teste;verdadeiro
Vacina contra coronavírus: Pfizer anuncia que testes indicaram 90% de proteção;verdadeiro
Como será o verão do coronavírus?;verdadeiro
OMS alerta para prejuízos no fechamento prolongado de escolas durante a pandemia;verdadeiro
Curado da Covid-19, idoso de 77 anos é aplaudido ao deixar Santa Casa de Avaré: ‘Me senti amado’;verdadeiro
Coronavírus: Campinas registra mais duas mortes e total de casos confirmados chega a 152;verdadeiro
Coronavírus: 24 idosos morrem em casa de repouso com foco de covid-19 no Reino Unido;verdadeiro
Jorge Aragão recebe alta e está em casa após internação por covid-19;verdadeiro
Familiares têm dificuldades para obter informações de pacientes com Covid-19 internados no RJ;verdadeiro
RS tem queda de internações por covid, mas mantém mortes em alta;verdadeiro
Monte Mor registra segundo caso positivo de coronavírus, paciente está em estado grave;verdadeiro
Trump liga para presidente do Chile e oferece ajuda para enfrentar pandemia de Covid-19;verdadeiro
1º lotes da vacina da Pfizer serão entregues em 15 de dezembro nos EUA;verdadeiro
YouTube irá remover vídeos que recomendem cloroquina ou ivermectina para tratar Covid-19;verdadeiro
'Tem que deixar de ser um país de maricas', diz Bolsonaro sobre medo do coronavírus;verdadeiro
Lasier Martins recebe alta de hospital após internação por covid-19;verdadeiro
Secretários de Saúde do Nordeste dizem que Bolsonaro 'desfaz todo o esforço' para combater coronavírus;verdadeiro
Pronunciamento de Bolsonaro foi 'equivocado', e brasileiros devem seguir normas da OMS, diz Maia;verdadeiro
Coronavírus: raio X do isolamento social na região de Campinas mostra 3 cidades abaixo de 50%;verdadeiro
Espanha supera os 3 milhões de casos registrados de coronavírus;verdadeiro
Índia ultrapassa o Brasil e se torna o segundo país com mais casos de coronavírus;verdadeiro
O que deve acontecer no dia da posse de Joe Biden como presidente dos EUA?;verdadeiro
Morre em Maceió paciente com suspeita de coronavírus;verdadeiro
Presidente de Madagascar oferece fitoterápico como 'cura e prevenção' para Covid-19, OMS reitera que não há medicamento, ainda;verdadeiro
Banco dos Brics libera US$ 1 bilhão ao Brasil para combate ao coronavírus;verdadeiro
Europa vai avaliar pedido de autorização de vacina da Pfizer/BioNTech até dia 29;verdadeiro
O país que rechaça a vacina contra covid e diz que não há coronavírus;verdadeiro
Atacado por Obama e Biden, Trump se mostra otimista a poucos dias das eleições;verdadeiro
Uso da Sputnik V em outros países não responde perguntas da Anvisa, diz gerente da agência;verdadeiro
Antibiótico não apresenta benefícios no tratamento de pacientes graves com Covid, diz estudo brasileiro;verdadeiro
Recuperados da covid-19, mas ainda não saudáveis;verdadeiro
Idosa de 110 anos se recupera da covid-19 e recebe alta de hospital em SP;verdadeiro
Vacinas contra covid-19: Pfizer e Moderna pedem liberação para uso na União Europeia;verdadeiro
Micronésia, no Oceano Pacífico, registra 1º caso de coronavírus;verdadeiro
Fala de Bolsonaro pró-vacina reduziu tuítes contra imunização, diz estudo;verdadeiro
As conclusões do estudo sobre a vacina russa contra o coronavírus;verdadeiro
SES confirma que 1439 pessoas estão curadas da Covid-19 no Maranhão;verdadeiro
BRT fecha estações e para de rodar nas madrugadas;verdadeiro
Vacina FC;verdadeiro
Vacinas protegem contra variante brasileira do coronavírus, diz estudo;verdadeiro
Coronavírus: 8 dicas para se adaptar melhor ao trabalho em casa durante pandemia;verdadeiro
Europa Oriental se junta ao bloqueio por nova onda de coronavírus;verdadeiro
Rainha Elizabeth receberá Biden antes da cúpula do G7 em junho;verdadeiro
O Assunto #426: A fábula do tratamento precoce;verdadeiro
Rio de Janeiro registra 822 novos casos de covid-19 em 24 horas;verdadeiro
Coronavírus: por que a covid-19 mata tanto?;verdadeiro
Alemanha supera marca de 400 mil casos do novo coronavírus;verdadeiro
Sobe para 29 o número de casos de novo coronavírus no ES;verdadeiro
Brasil registra 1.279 mortes por covid-19 nas últimas 24 horas;verdadeiro
Chanceler venezuelano critica Bolsonaro por fala sobre oxigênio no AM;verdadeiro
Biden recebe hoje segunda dose de vacina contra covid-19;verdadeiro
Joe Biden eleito nos EUA: quais são suas propostas em 8 temas cruciais;verdadeiro
Como medidas de isolamento contra coronavírus aumentaram popularidade do presidente da Argentina;verdadeiro
Contra 'caos', Doria cobra imparcialidade da Anvisa em aprovação da Coronavac;verdadeiro
Eleições americanas: o que muda nos EUA numa Presidência de Joe Biden;verdadeiro
EUA prometem doar 60 milhões de vacinas da AstraZeneca nos próximos meses;verdadeiro
Como higienizar o celular pra combater o coronavírus;verdadeiro
Rússia pede aprovação de uso emergencial de vacina contra Covid-19 à OMS;verdadeiro
Descubra quais são os cuidados que pessoas com doenças crônicas precisam ter durante pandemia do novo coronavírus;verdadeiro
Descubra os cuidados com as compras em delivery pra combater o coronavírus;verdadeiro
Paciente internado em estado grave com Covid-19 recebe alta e deixa hospital com aplausos, vídeo;verdadeiro
As lutas e os dramas de uma médica que voltou ao Brasil para combater a pandemia;verdadeiro
Biden diz que Trump não enfrenta Putin e acusa Rússia de interferência;verdadeiro
China acusa EUA de espalhar teorias conspiratórias sobre origem da pandemia;verdadeiro
Valinhos confirma mais um paciente infectado pelo novo coronavírus, total sobe para 13;verdadeiro
EUA: Menina de 5 anos morre de covid-19 horas após receber alta de hospital;verdadeiro
Como doar para o combate ao coronavírus;verdadeiro
Médico que combateu pandemia na Colômbia ficou à beira da morte pelo vírus;verdadeiro
Bancos poderão alterar horário de atendimento durante pandemia do coronavírus;verdadeiro
Argentina retoma voos nacionais com restrições;verdadeiro
Hospital das Clínicas de SP já tem 90 voluntários para pesquisa com plasma de curados por coronavírus, veja como doar;verdadeiro
Coronavírus: os quatro tipos de vacina contra Covid-19 e o que falta para ficarem prontas;verdadeiro
Vacina contra covid: 10 razões para se vacinar contra o coronavírus;verdadeiro
Colapso: Em março, 1 a cada 4 internados por covid no SUS morreu;verdadeiro
São Paulo tem maior média diária de internações pela covid-19 desde setembro;verdadeiro
O país que já está na terceira onda de Covid-19;verdadeiro
Entenda por que a produção de medicamentos contra os vírus exige mais do que a contra as bactérias;verdadeiro
CPI: 'Em hipótese alguma', Bolsonaro deu ordem direta sobre tratamento precoce, diz Pazuello;verdadeiro
Americana registra 7º caso positivo do novo coronavírus, paciente está internado em UTI;verdadeiro
Empresa diz que negocia com governo do Reino Unido teste com vacina contra Covid-19 que prevê infecção proposital com coronavírus;verdadeiro
Valinhos confirma 12º paciente infectado pelo novo coronavírus;verdadeiro
Coronavírus: o impacto na economia chinesa, e por que isso é uma grande ameaça ao mundo;verdadeiro
Rei saudita é vacinado contra o coronavírus;verdadeiro
CNJ apresenta a juízes relatório que aponta eficácia incerta de hidroxicloroquina e cloroquina no combate ao coronavírus;verdadeiro
Crianças se emocionam ao ver o pai deixar hospital após se curar da Covid-19, vídeo;verdadeiro
Colômbia confirma 1ª morte por coronavírus;verdadeiro
Laboratórios alertam que suspender patentes não acelerará produção de vacinas;verdadeiro
O que é bacteremia, que levou o ex-presidente Lula a ser internado;verdadeiro
Países que controlaram a covid-19 já têm até 50 mil pessoas em estádios;verdadeiro
Doria decreta quarentena no estado de SP até o dia 7 de abril para impedir avanço do coronavírus;verdadeiro
Indaiatuba tem mais um paciente com coronavírus e nº de confirmados sobe para 14;verdadeiro
Queiroga reforça uso de máscara, exalta SUS e diz que imprensa é 'aliada';verdadeiro
"""Povo brasileiro não será cobaia"", diz Bolsonaro sobre CoronaVac";verdadeiro
Rio Grande do Sul tem mais duas mortes por coronavírus, total é de 67;verdadeiro
Bolsonaro desautoriza acordo de Pazuello e diz que não comprará CoronaVac;verdadeiro
Pelo 2º dia seguido, cidades brasileiras registram aplausos para profissionais de saúde que atuam no combate ao coronavírus;verdadeiro
Número de infectados por covid-19 em Wuhan pode ser o triplo do registrado;verdadeiro
Drica Moraes critica ato com Bolsonaro e compara ao nazismo: 'Afronta';verdadeiro
Estudo: vacina Sputnik V é eficaz contra variante brasileira do coronavírus;verdadeiro
'Inadmissível ter só três companhias aéreas de grande porte no Brasil', diz presidente do grupo Itapemirim;verdadeiro
Coronavírus: as ruas antes e depois do início da pandemia, FOTOS;verdadeiro
Própria fabricante diz que ivermectina não tem eficácia contra a covid-19;verdadeiro
Irã registra 70 mil casos e 4,3 mil mortos por coronavírus;verdadeiro
Ilhas Salomão registram primeiro caso do novo coronavírus;verdadeiro
Estudo aponta 3 tipos do novo coronavírus;verdadeiro
OMS não indica ivermectina para tratamento da covid-19;verdadeiro
Governador de PE oferece ajuda para evitar filas na Caixa e pede apoio a ministério para reforçar isolamento;verdadeiro
Onde é mais provável contrair o coronavírus?;verdadeiro
Diretor-geral da OMS deseja recuperação 'completa e rápida' à Trump e primeira-dama;verdadeiro
Covid-19: Santa Catarina em alerta com aumento da pandemia;verdadeiro
Coronavírus: monitoramento aponta redução no isolamento e índice abaixo dos 50% nas maiores cidades da região de Campinas;verdadeiro
SP: drive-thrus suspendem temporariamente vacinação contra covid-19;verdadeiro
Roche cria teste para detectar variantes do coronavírus;verdadeiro
Ministro da Saúde recebe alta do hospital após passar duas noites internado;verdadeiro
TV: Ministro da Saúde critica lockdown e hesita sobre tratamento precoce;verdadeiro
Moderna diz que governo dos EUA pode autorizar uso emergencial de sua vacina;verdadeiro
Coronavírus: cuidados no mercado e com os alimentos;verdadeiro
Ivermectina é bom contra piolho, não covid-19, entenda o que se sabe;verdadeiro
UE antecipa recebimento de 10 milhões de doses da vacina da Pfizer/BioNTech;verdadeiro
França tem mais 19.927 casos do novo coronavírus e 231 mortes por covid-19;verdadeiro
Quem é Anthony Fauci, principal cientista dos EUA no combate ao coronavírus, que contradiz Trump sobre cloroquina;verdadeiro
Paciente internado no MA com cepa indiana está em estado grave;verdadeiro
Covid-19: Estudo italiano não propõe uso da cloroquina como tratamento;verdadeiro
Anvisa diz que não há registro de coágulos ligados à vacina de Oxford no Brasil;verdadeiro
Coronavírus: o país que já está na terceira onda de covid-19;verdadeiro
Estado do Rio registra 38 mortes e 329 novos casos de covid-19 em 24 horas;verdadeiro
Último dia do ano tem praias fechadas e outras lotadas pelo Brasil;verdadeiro
Alemanha registra 4.325 casos do novo coronavírus em 24 horas;verdadeiro
Governo Doria recua e diz que não pode dar data precisa para vacina;verdadeiro
"Bolsonaro critica Kalil por fechar comércio: ""E o ditador sou eu""";verdadeiro
Coronavírus: o médico de 98 anos que continua visitando pacientes, apesar da pandemia;verdadeiro
Como doar para o combate ao coronavírus em São Paulo;verdadeiro
"Bolsonaro volta a atacar Doria por vacina: ""se intitula médico do Brasil""";verdadeiro
Bolsonaro usou seus poderes para atrapalhar o combate à pandemia, mostra estudo;verdadeiro
Novas regras não mudam os critérios de segurança de vacinas, diz Anvisa;verdadeiro
Incêndio em unidade hospitalar de covid-19 deixa quatro mortos na Ucrânia;verdadeiro
Em SP, drive-thrus suspendem temporariamente vacinação contra a covid-19;verdadeiro
"Brasil promete vacinas contra covid-19 a ""países irmãos""";verdadeiro
Câmara aprova projeto que destina R$ 2 bilhões a santas casas para combate ao coronavírus;verdadeiro
Deputado consulta TSE sobre possível mudança no calendário eleitoral por coronavírus;verdadeiro
Inovações ajudam na luta contra o vírus;verdadeiro
Curado da Covid-19 deixa UTI de hospital e pede namorada em casamento no ES;verdadeiro
Combate ao coronavírus estimula solidariedade e união no Brasil e no mundo;verdadeiro
Anvisa cobra mais dados sobre capacidade da CoronaVac de gerar anticorpos;verdadeiro
Reino Unido já vacinou 10 milhões de pessoas;verdadeiro
Coronavírus: Argentina volta a estender a quarentena mais longa do mundo;verdadeiro
Uso da cloroquina contra o coronavírus é alvo de estudos e testes, entenda riscos;verdadeiro
União Europeia aprova uso emergencial da vacina Moderna contra covid-19;verdadeiro
Prefeitura do Rio libera leitos de grávidas para o combate ao coronavírus;verdadeiro
Coronavírus: Itapira registra 12º caso e investiga três mortes suspeitas;verdadeiro
De quem é a culpa?;verdadeiro
OMS tem déficit de US$ 13,4 bilhões em fundo urgente para vacinas, tratamentos e investimentos contra a Covid-19;verdadeiro
"Suíça pede ""novos estudos"" sobre a vacina da AstraZeneca contra a covid-19";verdadeiro
Brasil é segundo país do mundo mais disposto a se vacinar, diz pesquisa;verdadeiro
Com SC em colapso, prefeitos e empresários defendem tratamento precoce;verdadeiro
"Chile pode liberar vacina da AstraZeneca ""dias após aprovação de EUA e Reino Unido""";verdadeiro
Coronavírus: Câmara aprova decreto que reconhece estado de calamidade pública;verdadeiro
Prefeitura de Moscou alivia restrições ante melhora da situação sanitária;verdadeiro
SP confirma quatro mortes pelo coronavírus no estado;verdadeiro
Estudo no México não prova que ivermectina reduziu internações por covid-19;verdadeiro
Mais de 4 bilhões de pessoas foram chamadas ao isolamento por causa do novo coronavírus;verdadeiro
Paciente com coronavírus no DF está em coma induzido e tem piora no quadro respiratório;verdadeiro
Vacina da AstraZeneca pode chegar a 90% de eficácia, aponta Reino Unido;verdadeiro
Para 60%, Biden venceu primeiro debate contra Trump, diz pesquisa;verdadeiro
20% dos pacientes registrados com coronavírus em SP estão em estado grave na UTI, estima secretário da Saúde;verdadeiro
Prefeitura de Itapira confirma 2ª morte provocada por coronavírus, paciente estava na UTI;verdadeiro
Em CPI, Pazuello omite informações sobre TrateCov e hidroxicloroquina;verdadeiro
Mauro Cezar recebe alta hospitalar após uma semana internado com covid;verdadeiro
RJ tem 49 casos confirmados do novo coronavírus;verdadeiro
Latino critica governo por descaso com artistas e ganha apoio de Ludmilla;verdadeiro
Câmara dos EUA aprova auxílio contra coronavírus de US$2 mil proposto por Trump;verdadeiro
Fronteira do Brasil com a Venezuela é fechada;verdadeiro
França terá segunda onda de coronavírus 'violenta', alerta diretor-geral de saúde;verdadeiro
Maldivas oferecerão vacinas contra a covid-19 a turistas;verdadeiro
Prefeitura do Rio prorroga por 60 dias prazo para pagamento de multas do transporte público;verdadeiro
Moro critica demora para início da vacinação: 'Tem presidente em Brasília?';verdadeiro
Governo reabre Ponte da Amizade e fronteira com o Paraguai;verdadeiro
Argentina prorroga fechamento de fronteiras e corta mais voos com o Brasil;verdadeiro
OMS diz que vacinas são eficazes contra todas as variantes do coronavírus;verdadeiro
China autoriza teste em humanos de vacina contra o coronavírus;verdadeiro
Estudo citado por deputado não prova eficácia da ivermectina contra covid;verdadeiro
Governo de SP confirma dois casos de variante do novo coronavírus;verdadeiro
Coronavírus: MP questiona estado sobre medidas para prevenção em prisões da região de Campinas;verdadeiro
Bolsonaro anuncia fechamento parcial da fronteira do Brasil com a Venezuela;verdadeiro
Casais infectados com Covid-19 precisam manter distanciamento;verdadeiro
Brasil tem mais interessados em vacina entre grandes economias, diz pesquisa;verdadeiro
Manaus bate recorde de internações por Covid-19 desde início da pandemia;verdadeiro
AstraZeneca: vacina deve ser eficaz contra nova variante do coronavírus;verdadeiro
Peru permite retirada de brasileiros, mesmo com fronteiras fechadas por causa do coronavírus;verdadeiro
Jornal francês destaca sucesso de Araraquara (SP) no combate ao coronavírus;verdadeiro
Prefeitura do Rio retoma vacinação contra a gripe nesta terça, Riocentro não oferecerá doses;verdadeiro
Rio zera segunda dose de vacinas após nova remessa do governo federal;verdadeiro
Vacina do Imperial College London será testada em 300 pessoas no Reino Unido;verdadeiro
Joe Biden, no momento da verdade;verdadeiro
Candidatos com patrimônio milionário receberam ajuda de R$ 600, diz jornal;verdadeiro
Máscaras, uma 'ponte' para a vacina?;verdadeiro
Suicídio: 8 temas que levam brasileiros a pedirem ajuda na pandemia e por que estar triste é tão comum;verdadeiro
Brasil registra 2.517 mortes por covid-19 nas últimas 24 horas;verdadeiro
Joe Biden recebe 1ª dose de vacina contra a Covid-19;verdadeiro
Países europeus assinam acordo que garante 300 milhões de doses de vacinas para a UE;verdadeiro
Austrália detecta pessoas infectadas pela nova variante do coronavírus;verdadeiro
Romênia suspende uso de lote de vacina da AstraZeneca contra a covid-19;verdadeiro
Grupo de WhatsApp, treinamento, ajuda da polícia: como montadoras estão consertando respiradores;verdadeiro
Governo de SP anuncia ampliação dos testes da CoronaVac com apoio da Anvisa;verdadeiro
Entenda o que é o IFA, insumo fundamental para a produção das vacinas;verdadeiro
OMS descarta uso de ivermectina em tratamento de pacientes com covid-19;verdadeiro
Paciente infectada por Covid-19 nos Estados Unidos recebe transplante duplo de pulmões;verdadeiro
Vacina CoronaVac é aprovada para uso emergencial no Bahrein;verdadeiro
Reino Unido ampliará restrições contra coronavírus se houver desrespeito às regras;verdadeiro
China registra aumento de novos casos de coronavírus;verdadeiro
Qual a eficácia da Sputnik V contra o coronavírus?;verdadeiro
Militares mobilizados para protestos em Washington contraem novo coronavírus;verdadeiro
Metade das cidades de São Paulo com UTI para covid está com leitos lotados;verdadeiro
Hospital de Israel saturado pela covid-19 instala leitos no estacionamento;verdadeiro
Comissão cancela segundo debate entre Donald Trump e Joe Biden;verdadeiro
CNBB critica ações do governo Bolsonaro na pandemia;verdadeiro
Cientistas brasileiros escrevem 'carta de Natal' a governantes cobrando empenho no combate à pandemia;verdadeiro
Reino Unido tem 30.004 novos casos de Covid-19, 6,3 milhões de pessoas já receberam 1ª dose de vacina;verdadeiro
Vacina contra o novo coronavírus é meta de pesquisa executada por cientistas da USP e do Incor;verdadeiro
Coronavírus no Brasil: como será a segunda-feira em cada estado após medidas para conter a pandemia;verdadeiro
Infectados com covid-19 são identificados com pulseiras em cidade do PR;verdadeiro
Em março, seis bebês já morreram por covid-19 em Santa Catarina;verdadeiro
Como cada país da América Latina está combatendo o coronavírus;verdadeiro
O recuo do governo paulista;verdadeiro
STJ suspende liminares que determinavam internações por covid-19 em Cuiabá;verdadeiro
Cidade de São Paulo tem fila de 250 pessoas com covid-19 à espera de leitos;verdadeiro
Brasil tem primeiro caso confirmado de reinfecção pelo coronavírus;verdadeiro
Prefeitos do Ceará fecharam acordo para aquisição da CoronaVac;verdadeiro
Arquidiocese de SP oferece casa construída por Dom Paulo para acolher moradores de rua que estiverem com coronavírus;verdadeiro
Vacina contra Covid-19: países ricos reservam doses e deixam países pobres sem, adverte aliança;verdadeiro
'Coronavírus': Americana reduz horários de 13 linhas de ônibus e corta serviço aos domingos;verdadeiro
Brasil tem 3% da população vacinada após 40 dias da 1ª imunização;verdadeiro
Paciente com 101 anos vence a Covid-19 e recebe alta de hospital no Piauí;verdadeiro
Governo de SC confirma mais dois novos casos de coronavírus;verdadeiro
De 'cristofobia' a Amazônia: os sete pontos polêmicos do discurso de Bolsonaro na ONU;verdadeiro
Apple vai fechar todas as lojas fora da China por pandemia de coronavírus;verdadeiro
Covid: YouTube irá remover vídeos que recomendem cloroquina ou ivermectina;verdadeiro
Criticado por Lula, Bolsonaro usa máscara e abraça discurso pró-vacina;verdadeiro
"Na ONU, Bolsonaro diz que evitou ""mal maior"" na pandemia e ataca Venezuela";verdadeiro
Variante P1 do coronavírus predomina em MS;verdadeiro
Câncer e coronavírus: quem faz químio corre mais risco com a covid-19?;verdadeiro
Butantan: estudo preliminar indica eficácia da CoronaVac contra variantes;verdadeiro
ES anuncia decreto de emergência e reserva leitos em hospitais para casos de coronavírus;verdadeiro
Vacina contra a Covid-19 da Moderna gera pelo menos 3 meses de imunidade após segunda dose, diz estudo;verdadeiro
Grupo que produz ivermectina dá suporte a associação de médicos pró-tratamento precoce contra covid;verdadeiro
Estudo com 821 pacientes não encontra prova de eficácia da hidroxicloroquina na prevenção da Covid-19;verdadeiro
Nova variante do coronavírus é encontrada em quase metade dos casos em Manaus;verdadeiro
Regina Casé recebe vacina contra a covid-19: 'Chegou a minha vez';verdadeiro
MPF questiona CFM sobre tratamento precoce contra a covid-19;verdadeiro
Estado do Rio registra 152 mortes e 669 novos casos de covid-19 em 24 horas;verdadeiro
Remédio experimental contra a Covid feito a partir de anticorpos de paciente curado vai entrar em testes;verdadeiro
Covid-19: por que médicos recomendam atendimento precoce e não 'tratamento precoce';verdadeiro
Coronavírus: o site que mostra se você mora em uma área de risco de Covid-19;verdadeiro
Após fechamento por causa do coronavírus, Apple reabre todas as lojas na China;verdadeiro
Chile recebe segunda remessa de vacinas da Sinovac;verdadeiro
Brasileira vacinada na Inglaterra vê 'luz no fim do túnel' com imunização;verdadeiro
Após cura do câncer, idosa de 80 anos tem alta de hospital após se recuperar da Covid: 'Uma vencedora';verdadeiro
Países isolam Reino Unido, Austrália e Itália encontram nova cepa do vírus;verdadeiro
Florianópolis, Criciúma e Antônio Carlos registram primeiras mortes por coronavírus;verdadeiro
Com recorde de internações, covid lota unidades de saúde dia e noite em SP;verdadeiro
Governo de Santa Catarina decreta lockdown no final de semana;verdadeiro
Mundo coloca Reino Unido em quarentena devido à nova variante do coronavírus;verdadeiro
Covid: como o coronavírus afeta o fígado;verdadeiro
"Itália registra primeiro caso de mutação ""britânica"" do coronavírus";verdadeiro
Alemanha identifica seu 1º caso ligado a variante brasileira do coronavírus;verdadeiro
Empresários pressionam por vacinas, oferecem ajuda e criticam governo;verdadeiro
Biden diz que debate não deve ocorrer se Trump ainda estiver com covid;verdadeiro
Peritos médicos federais são incluídos em grupo de prioridade para vacina;verdadeiro
AGU pede inclusão de policiais da Força Nacional em grupo prioritário;verdadeiro
AM demite médica que aplicou nebulização de hidroxicloroquina, paciente morreu;verdadeiro
Especialistas dizem que vacinas são eficazes contra variante do coronavírus;verdadeiro
Covid-19: por que estudo que indica eficácia da ivermectina não é confiável;verdadeiro
Marco Ricca recebe alta do hospital após internação por covid-19;verdadeiro
Laerte deixa UTI e é transferida para quarto para continuar tratamento contra Covid-19;verdadeiro
EUA autorizam armazenamento de vacinas da Pfizer a temperatura normal de congeladores;verdadeiro
RJ tem apenas uma cidade sem mortes por covid;verdadeiro
Tudo que você precisa saber sobre 5 vacinas contra o coronavírus;verdadeiro
Covid: Brasil registra 678 novos óbitos e tem alta em todas as regiões;verdadeiro
Enquanto divulga tratamento precoce sem base, Sorocaba vê mortes dobrarem;verdadeiro
Paulínia confirma 4º caso de coronavírus, paciente está em estado grave;verdadeiro
Sem dados de SP, Brasil registra 897 mortes pelo novo coronavírus em 24 horas;verdadeiro
Desinformação sobre vacina da covid-19 aumenta com o início da imunização;verdadeiro
Pode vir da China: os caminhos para aprovação da CoronaVac no Brasil;verdadeiro
Coronavírus: é preciso se vacinar se você já teve covid-19?;verdadeiro
Câmara aprova projeto que libera remédios sem registro da Anvisa para combate ao coronavírus;verdadeiro
O que é uma pandemia;verdadeiro
OMS declara pandemia de coronavírus;verdadeiro
Biden diz que debaterá com Trump se especialistas garantirem segurança;verdadeiro
China faz exercícios militares perto de Taiwan durante visita de autoridade dos EUA à ilha;verdadeiro
Em encontro com Pfizer, Bolsonaro fala em fechar contrato por 'agressividade' do vírus no Brasil;verdadeiro
Coronavírus: Governo de SP orienta Procon-SP a garantir botijão de gás a no máximo R$ 70;verdadeiro
Coronavírus: saiba o que torna o sabão eficiente contra vírus;verdadeiro
Coreia do Sul não vê indícios de que desertor norte-coreano tenha sido infectado pela Covid-19;verdadeiro
Presidente da Argentina é vacinado contra covid-19;verdadeiro
Novo lote de vacinas da Pfizer chega ao Brasil;verdadeiro
O cientista que perdeu a bolsa de pesquisa enquanto estudava o novo coronavírus;verdadeiro
Aplicativo do Ministério da Saúde que recomenda 'tratamento precoce' para Covid-19 sai do ar;verdadeiro
Sinovac aumenta capacidade de produção da CoronaVac na China;verdadeiro
Cabras e bodes aproveitam o isolamento das pessoas para passear por cidade no Reino Unido, FOTOS;verdadeiro
Aplicativo da Saúde que recomenda 'tratamento precoce' para covid sai do ar;verdadeiro
Embaixada da China no Brasil oferece ajuda financeira e insumos ao governo do Amazonas;verdadeiro
Presidente da China visita cidade de Wuhan, origem da epidemia de coronavírus;verdadeiro
Cientistas investigam pessoas imunes à covid-19;verdadeiro
A vacina contra a Covid-19 será gratuita?;verdadeiro
Ibaneis Rocha anuncia novos leitos de UTI no DF para pacientes com covid-19;verdadeiro
Cartões postais de Brasília são reabertos ao público;verdadeiro
Casos suspeitos do novo coronavírus em SP aumentam 82% desde domingo;verdadeiro
Cidade do México registra excesso de mortalidade associada à covid-19;verdadeiro
"Mandetta: ""Governo jamais deveria ter fechado em uma única vacina""";verdadeiro
Teste para novo coronavírus de presidente do Uruguai dá negativo;verdadeiro
Diretor do Hospital Natan Portela se recupera da Covid-19 e recebe alta em Teresina;verdadeiro
Média móvel de mortes e casos de Covid-19 no estado de Santa Catarina;verdadeiro
"EUA pedem ""transparência"" dos governos em vacinação contra covid-19";verdadeiro
Alemanha registra mais de 100 casos de coronavírus em apenas um dia;verdadeiro
Novo teste indica que Bolsonaro continua com coronavírus, informa Planalto;verdadeiro
Itália registra quase 2,5 mil casos de Covid-19 nas últimas 24 horas;verdadeiro
Casos de coronavírus no Brasil;verdadeiro
Sem chance de vacina rápida, OMS usa plataforma para reunir estudos com medicamentos contra o coronavírus;verdadeiro
SP: Prefeitura prepara liberação de mesas em calçadas e em vagas de estacionamento;verdadeiro
Vacina contra o coronavírus: o que se sabe sobre o papel das células T na imunidade à Covid-19;verdadeiro
